-4.229544830322265625e+01,-8.169382476806640625e+01
-2.425747489929199219e+01,-6.093126296997070312e+01
-2.732104682922363281e+01,-3.354859161376953125e+01
-1.871614456176757812e+01,-2.733587837219238281e+01
-2.617972564697265625e+01,-4.600422668457031250e+01
6.025499343872070312e+00,7.331612586975097656e+00
-9.188043594360351562e+00,-3.364793395996093750e+01
1.078553771972656250e+01,7.484577178955078125e+00
4.347802352905273438e+01,6.605330657958984375e+01
-2.954244613647460938e+00,3.038233757019042969e+00
1.007198715209960938e+01,2.095451354980468750e-01
9.070634841918945312e-01,1.939394474029541016e-01
2.087929916381835938e+01,3.163471794128417969e+01
4.071160507202148438e+01,7.108583068847656250e+01
2.786760330200195312e+01,3.984350204467773438e+01
-2.609257125854492188e+01,-5.004087066650390625e+01
2.395692443847656250e+01,4.312181472778320312e+01
3.615769195556640625e+01,4.803686523437500000e+01
-1.412770175933837891e+01,-3.924208068847656250e+01
2.850353717803955078e-01,3.076569557189941406e+00
-2.177389907836914062e+01,-3.635475921630859375e+01
2.452799034118652344e+01,4.615020751953125000e+01
-4.032767486572265625e+01,-4.577540588378906250e+01
-2.661434364318847656e+01,-5.296817016601562500e+01
1.526076221466064453e+01,2.809373855590820312e+01
3.666669130325317383e+00,1.140840530395507812e+01
4.660612106323242188e+00,9.496135711669921875e+00
3.685478591918945312e+01,6.299494552612304688e+01
4.205527877807617188e+01,6.405664062500000000e+01
-3.968515396118164062e+01,-7.423626708984375000e+01
1.437454223632812500e+01,3.734758377075195312e+01
-3.931452178955078125e+01,-8.033998107910156250e+01
1.463075828552246094e+01,1.609054183959960938e+01
-3.272464370727539062e+01,-7.820288085937500000e+01
1.495721912384033203e+01,2.415749359130859375e+01
8.870374679565429688e+00,1.095418739318847656e+01
4.297636032104492188e+01,7.264391326904296875e+01
-1.686745882034301758e+00,8.828010559082031250e+00
-4.331427574157714844e+00,-1.231878280639648438e+01
2.380744171142578125e+01,3.644479370117187500e+01
1.978859329223632812e+01,3.709141540527343750e+01
1.382288932800292969e+01,1.415583515167236328e+01
3.916228866577148438e+01,5.615334701538085938e+01
-4.590850830078125000e+00,-1.186862945556640625e+00
-4.194635391235351562e+00,2.574806213378906250e-01
1.256752014160156250e+00,9.649148941040039062e+00
2.147247695922851562e+01,4.468061828613281250e+01
-2.584852027893066406e+01,-4.046567916870117188e+01
-3.530364608764648438e+01,-7.299480438232421875e+01
2.670155715942382812e+01,4.259283065795898438e+01
-3.437191247940063477e+00,-1.836054992675781250e+01
-4.094827651977539062e+01,-6.660213470458984375e+01
-4.583771133422851562e+01,-9.774773406982421875e+01
9.780073165893554688e+00,1.337179183959960938e+00
-3.467763519287109375e+01,-5.143622970581054688e+01
-4.900085830688476562e+01,-6.632910156250000000e+01
2.069969177246093750e+01,1.960643386840820312e+01
2.656196403503417969e+01,5.614481735229492188e+01
2.461597824096679688e+01,3.460455703735351562e+01
-4.746258926391601562e+01,-7.348860931396484375e+01
2.822278785705566406e+01,2.830474472045898438e+01
3.189852905273437500e+01,5.510074234008789062e+01
3.495358276367187500e+01,3.007820510864257812e+01
4.886701583862304688e+01,7.679113769531250000e+01
-3.657544326782226562e+01,-5.599666595458984375e+01
-2.616114616394042969e+01,-4.358034133911132812e+01
-1.075012111663818359e+01,-1.034892654418945312e+01
-4.808233261108398438e+01,-8.864196777343750000e+01
8.444213867187500000e+00,-1.429207992553710938e+01
-4.510953521728515625e+01,-8.626847839355468750e+01
4.580873489379882812e+00,-3.496014595031738281e+00
-2.831657600402832031e+01,-5.047123718261718750e+01
-1.596978282928466797e+01,-2.909752082824707031e+01
-2.578014755249023438e+01,-4.072438049316406250e+01
-3.556674718856811523e+00,-7.482970237731933594e+00
9.256135940551757812e+00,-2.174967765808105469e+00
1.840056228637695312e+01,3.537793350219726562e+01
4.633462429046630859e+00,1.991255760192871094e+01
8.767950057983398438e+00,1.228275299072265625e+00
4.717673110961914062e+01,6.587987518310546875e+01
7.678329944610595703e-01,-8.930562019348144531e+00
4.930657577514648438e+01,8.152899932861328125e+01
1.604056930541992188e+01,3.707289123535156250e+01
3.046113204956054688e+01,4.518706512451171875e+01
-1.795786666870117188e+01,-3.225542831420898438e+01
-1.753240823745727539e+00,-8.788055419921875000e+00
-3.137595748901367188e+01,-6.293478012084960938e+01
2.352820014953613281e+01,2.894562339782714844e+01
-4.076514816284179688e+01,-9.400648498535156250e+01
-2.578982162475585938e+01,-6.324877166748046875e+01
-2.759665870666503906e+01,-3.895610427856445312e+01
-4.940037536621093750e+01,-7.171897888183593750e+01
4.309756851196289062e+01,5.485172653198242188e+01
2.953115081787109375e+01,5.534055328369140625e+01
-4.229787063598632812e+01,-6.781076812744140625e+01
-1.808707046508789062e+01,-3.102531242370605469e+01
2.367976951599121094e+01,3.782246398925781250e+01
-4.186321640014648438e+01,-7.035304260253906250e+01
-3.649482727050781250e+01,-5.292284011840820312e+01
-1.016839790344238281e+01,-1.691640853881835938e+01
5.632000923156738281e+00,2.353413963317871094e+01
-1.512721824645996094e+01,-5.615798950195312500e+01
-4.534682083129882812e+01,-6.375442886352539062e+01
4.159989929199218750e+01,7.416348266601562500e+01
-1.249771118164062500e+01,-3.850029754638671875e+01
1.326066875457763672e+01,2.987507629394531250e+01
-8.957463264465332031e+00,-1.787208366394042969e+01
3.442603349685668945e+00,-2.559817790985107422e+00
-9.735059738159179688e+00,-2.514974594116210938e+01
-1.160737228393554688e+01,-1.816191101074218750e+01
2.724827575683593750e+01,4.064150238037109375e+01
4.402294921875000000e+01,7.224208068847656250e+01
4.628583145141601562e+01,8.134101867675781250e+01
-2.041059684753417969e+01,-3.068676185607910156e+01
2.029641914367675781e+01,1.956599807739257812e+01
-9.457313537597656250e+00,-6.826093673706054688e+00
-1.345065212249755859e+01,-2.133754920959472656e+01
-1.260536289215087891e+01,-9.154074668884277344e+00
-1.542397689819335938e+01,-1.885015487670898438e+01
1.116493988037109375e+01,-7.183742523193359375e-01
-2.167229652404785156e+01,-3.353057861328125000e+01
-4.127725982666015625e+01,-7.427185058593750000e+01
-5.166435241699218750e+00,-7.143602848052978516e+00
2.862936258316040039e+00,1.124571037292480469e+01
1.428978443145751953e+01,1.953085899353027344e+01
9.951120376586914062e+00,8.718174934387207031e+00
-3.554077148437500000e+01,-5.596674728393554688e+01
-1.345917606353759766e+01,-3.301640319824218750e+01
-9.578103065490722656e+00,-2.017708587646484375e+01
4.566685104370117188e+01,7.487261962890625000e+01
-4.047115325927734375e+01,-7.273342895507812500e+01
-2.084553909301757812e+01,-4.338618087768554688e+01
-3.923213577270507812e+01,-7.192700195312500000e+01
1.859366893768310547e-01,-2.472021865844726562e+01
1.847454833984375000e+01,2.124774360656738281e+01
1.846829032897949219e+01,2.281595230102539062e+01
4.317502212524414062e+01,8.083105468750000000e+01
1.166703128814697266e+01,3.097906875610351562e+01
-2.134769630432128906e+01,-4.817785263061523438e+01
-2.787022018432617188e+01,-4.471371078491210938e+01
-4.332751083374023438e+01,-8.678285217285156250e+01
8.218651771545410156e+00,-3.863906860351562500e-01
5.015313625335693359e+00,1.284575080871582031e+01
-1.957557868957519531e+01,-1.101599693298339844e+01
-1.467513465881347656e+01,-3.680060195922851562e+01
1.460490798950195312e+01,2.693453598022460938e+01
1.863471221923828125e+01,1.683112525939941406e+01
2.483855438232421875e+01,5.215392303466796875e+01
-3.843311691284179688e+01,-5.492456054687500000e+01
8.768301963806152344e+00,-1.570153236389160156e+00
-5.180734634399414062e+00,-1.091703605651855469e+01
-9.768522262573242188e+00,-1.975153732299804688e+01
3.372909927368164062e+01,5.018461990356445312e+01
1.647015762329101562e+01,3.275432968139648438e+01
2.969110107421875000e+01,6.230313110351562500e+01
-4.025844955444335938e+01,-7.225685882568359375e+01
-3.006358718872070312e+01,-5.381092071533203125e+01
-3.694459915161132812e+01,-5.508945465087890625e+01
-4.738291931152343750e+01,-1.057682876586914062e+02
-3.037770462036132812e+01,-5.009381866455078125e+01
-6.244415283203125000e+00,-1.268933773040771484e+01
-2.069217491149902344e+01,-2.563152694702148438e+01
5.812138557434082031e+00,7.639489173889160156e-01
3.052845573425292969e+01,5.828057098388671875e+01
-2.536045837402343750e+01,-4.887761688232421875e+01
-1.320576667785644531e+01,-1.121802902221679688e+01
1.353009319305419922e+01,1.165134429931640625e+00
5.384808540344238281e+00,2.190662384033203125e+00
1.286092948913574219e+01,6.469550132751464844e+00
-3.585775375366210938e+01,-6.440727996826171875e+01
-1.379654407501220703e+01,-3.812654876708984375e+01
-4.457373046875000000e+01,-8.206529235839843750e+01
-1.918844604492187500e+01,-3.208159637451171875e+01
1.664876937866210938e+00,-9.708117485046386719e+00
1.820043945312500000e+01,3.119745063781738281e+01
-3.568770980834960938e+01,-6.754090881347656250e+01
4.398125839233398438e+01,6.537004089355468750e+01
2.756540107727050781e+01,3.203582382202148438e+01
-2.827317810058593750e+01,-6.495544433593750000e+01
-2.108496427536010742e+00,-3.017318964004516602e+00
-3.155548477172851562e+01,-5.167679595947265625e+01
4.048179244995117188e+01,6.673962402343750000e+01
3.632500076293945312e+01,5.813109207153320312e+01
-1.192655563354492188e+01,4.322101593017578125e+00
-6.331932544708251953e+00,-2.098292922973632812e+01
4.938277435302734375e+01,8.548040008544921875e+01
4.235517501831054688e+01,7.411072540283203125e+01
2.376369857788085938e+01,3.689923477172851562e+01
-1.592913246154785156e+01,-4.371308135986328125e+01
-4.057065963745117188e+01,-7.423914337158203125e+01
3.962105941772460938e+01,7.042556762695312500e+01
9.667086601257324219e+00,1.208614540100097656e+01
4.554750442504882812e+01,7.264947509765625000e+01
-3.290848541259765625e+01,-4.643802642822265625e+01
7.556378841400146484e+00,3.157005882263183594e+01
3.153508901596069336e+00,1.441694450378417969e+01
4.197003936767578125e+01,6.539630889892578125e+01
-1.150304698944091797e+01,-2.382737350463867188e+01
-3.670233535766601562e+01,-6.818732452392578125e+01
2.213110923767089844e+01,3.355637741088867188e+01
2.872285270690917969e+01,3.433472442626953125e+01
-3.390729427337646484e+00,-2.288398361206054688e+01
-4.475864028930664062e+01,-8.644915008544921875e+01
2.277102470397949219e+01,3.688195419311523438e+01
3.730266189575195312e+01,6.934296417236328125e+01
-2.201039123535156250e+01,-3.736909484863281250e+01
-1.654117202758789062e+01,-5.246252059936523438e+01
-1.999652481079101562e+01,-2.933979415893554688e+01
-3.141066360473632812e+01,-7.454595184326171875e+01
-1.979202079772949219e+01,-3.750698089599609375e+01
1.340011405944824219e+01,2.653620338439941406e+01
4.329373931884765625e+01,6.574040985107421875e+01
-3.413987159729003906e+00,5.163421630859375000e+00
2.405426406860351562e+01,3.579984664916992188e+01
-4.454948806762695312e+01,-8.085394287109375000e+01
-2.706669044494628906e+01,-5.024382781982421875e+01
3.136956787109375000e+01,5.298191833496093750e+01
1.119831180572509766e+01,3.064607429504394531e+01
4.706386947631835938e+01,8.422728729248046875e+01
-3.176146697998046875e+01,-4.067816925048828125e+01
-2.190498161315917969e+01,-5.259228897094726562e+01
3.010387420654296875e+01,4.311838531494140625e+01
2.272141647338867188e+01,3.573660659790039062e+01
1.206868267059326172e+01,5.839776992797851562e+00
4.391421127319335938e+01,6.041082000732421875e+01
-2.618652534484863281e+01,-4.926107025146484375e+01
-7.707810401916503906e+00,-1.284901428222656250e+01
1.081869029998779297e+01,1.913179969787597656e+01
1.463680839538574219e+01,8.107408523559570312e+00
1.925659751892089844e+01,4.240439224243164062e+01
-5.282550811767578125e+00,-7.977917671203613281e+00
4.606002807617187500e+00,9.687679290771484375e+00
2.626576423645019531e+01,2.926623916625976562e+01
3.585523986816406250e+01,6.238539886474609375e+01
-3.126461410522460938e+01,-6.394726562500000000e+01
2.190797996520996094e+01,3.759586715698242188e+01
1.188409328460693359e+01,2.365398025512695312e+01
6.703937053680419922e+00,5.891666889190673828e+00
-1.473222923278808594e+01,-4.653360748291015625e+01
1.398354148864746094e+01,1.270123577117919922e+01
4.903752899169921875e+01,9.409172821044921875e+01
4.501815414428710938e+01,7.185445404052734375e+01
-1.605884361267089844e+01,-3.664765930175781250e+01
3.578408432006835938e+01,5.921439361572265625e+01
-3.357482147216796875e+01,-6.288145446777343750e+01
-2.374899387359619141e+00,-1.026500415802001953e+01
6.795817375183105469e+00,-2.667805671691894531e+00
2.683604431152343750e+01,3.821524047851562500e+01
3.619359207153320312e+01,7.008698272705078125e+01
2.370566129684448242e+00,1.871422958374023438e+01
9.676843643188476562e+00,2.183706283569335938e+01
-3.801668167114257812e+01,-6.120663452148437500e+01
-3.369224548339843750e+01,-4.931396102905273438e+01
7.120788097381591797e+00,2.497680664062500000e+00
-5.393523216247558594e+00,-1.082040309906005859e+01
4.421445083618164062e+01,6.331115722656250000e+01
-4.493100738525390625e+01,-6.250233840942382812e+01
2.099029350280761719e+01,3.658927536010742188e+01
9.251058101654052734e-01,6.799755096435546875e+00
3.690076446533203125e+01,7.111812591552734375e+01
2.010869979858398438e+01,4.030268859863281250e+01
-1.044428348541259766e+01,-2.776941299438476562e+01
3.933266448974609375e+01,5.278149795532226562e+01
3.124864768981933594e+01,3.128109931945800781e+01
-2.313682365417480469e+01,-5.289798736572265625e+01
-4.861971664428710938e+01,-8.321747589111328125e+01
-1.259299468994140625e+01,-8.243752479553222656e+00
8.779478073120117188e+00,1.575475692749023438e+01
-4.855921173095703125e+01,-9.056311798095703125e+01
-2.888650321960449219e+01,-2.464180946350097656e+01
-1.313186264038085938e+01,-2.521285629272460938e+01
-3.174058723449707031e+01,-4.153882217407226562e+01
2.019713592529296875e+01,3.441348648071289062e+01
-8.092003822326660156e+00,-1.830471229553222656e+01
2.745243835449218750e+01,5.517784881591796875e+01
3.881197738647460938e+01,5.861413192749023438e+01
-2.126386260986328125e+01,-2.920346069335937500e+01
-1.621525192260742188e+01,-1.475966262817382812e+01
3.649538803100585938e+01,6.126156616210937500e+01
1.582398414611816406e+01,1.285156822204589844e+01
-3.071271705627441406e+01,-3.544754028320312500e+01
4.119275283813476562e+01,5.420664215087890625e+01
-3.153220939636230469e+01,-4.783560180664062500e+01
-2.340569496154785156e+01,-3.758292007446289062e+01
-4.353885650634765625e+01,-7.961127471923828125e+01
-3.365489959716796875e+01,-5.215669250488281250e+01
1.784449815750122070e+00,-4.230410575866699219e+00
-2.076030921936035156e+01,-3.785497283935546875e+01
8.536422729492187500e+00,2.481641769409179688e+01
-2.166014909744262695e+00,3.039898872375488281e+00
3.042618560791015625e+01,6.458713531494140625e+01
-7.125258445739746094e-01,9.135488510131835938e+00
-6.395906448364257812e+00,-1.161543369293212891e+01
-1.255931282043457031e+01,-1.191545963287353516e+01
3.446012115478515625e+01,5.041594696044921875e+01
-3.937019729614257812e+01,-6.762345123291015625e+01
-4.550140380859375000e+01,-6.951610565185546875e+01
4.767069244384765625e+01,6.805573272705078125e+01
1.235659694671630859e+01,1.487776947021484375e+01
9.785634040832519531e+00,1.723410797119140625e+01
-2.867199134826660156e+01,-5.502418518066406250e+01
4.158529663085937500e+01,8.378582000732421875e+01
-2.787935638427734375e+01,-5.387353134155273438e+01
6.183486938476562500e+00,1.843840789794921875e+01
-1.214945316314697266e+01,-1.481127071380615234e+01
-2.606264305114746094e+01,-4.867655181884765625e+01
-4.495234680175781250e+01,-9.352027893066406250e+01
3.158370780944824219e+01,4.779492568969726562e+01
-1.044184589385986328e+01,-2.225092315673828125e+01
4.555492401123046875e+01,8.225572204589843750e+01
-1.932321166992187500e+01,-8.703607559204101562e+00
4.948989868164062500e+01,8.830771636962890625e+01
-1.096488857269287109e+01,-2.532447433471679688e+01
-4.320031356811523438e+01,-8.754529571533203125e+01
-9.686798095703125000e+00,-2.253230476379394531e+01
7.045907020568847656e+00,1.495983219146728516e+01
2.371163368225097656e+01,3.587627029418945312e+01
4.949008178710937500e+01,7.796560668945312500e+01
-4.552527618408203125e+01,-8.308497619628906250e+01
4.695232391357421875e+01,8.240846252441406250e+01
-8.199596405029296875e+00,-4.631187438964843750e+00
4.705857467651367188e+01,9.087557983398437500e+01
-3.000477027893066406e+01,-4.630085754394531250e+01
2.375491905212402344e+01,3.655198669433593750e+01
-3.660391998291015625e+01,-6.082519912719726562e+01
-4.820301437377929688e+01,-6.775392913818359375e+01
-2.102415466308593750e+01,-2.675876235961914062e+01
4.548894882202148438e+01,7.128887176513671875e+01
7.112693786621093750e+00,-2.154541015625000000e-01
-4.013823699951171875e+01,-6.611077880859375000e+01
-3.088776397705078125e+01,-7.016792297363281250e+01
-1.555696678161621094e+01,-2.758089256286621094e+01
2.127387619018554688e+01,3.517863845825195312e+01
3.862236785888671875e+01,5.229675292968750000e+01
-3.656894683837890625e+01,-7.030771636962890625e+01
4.576831436157226562e+01,8.395491027832031250e+01
3.513454055786132812e+01,5.403612136840820312e+01
2.323949337005615234e+00,-1.351273918151855469e+01
3.909177017211914062e+01,5.658187866210937500e+01
-2.438366413116455078e+00,-1.677750587463378906e+01
5.519896507263183594e+00,-7.326589584350585938e+00
-1.137140369415283203e+01,-2.331687736511230469e+01
-2.048162269592285156e+01,-3.428172302246093750e+01
-2.709664154052734375e+01,-6.987408447265625000e+01
3.711199951171875000e+01,5.644623184204101562e+01
9.702646255493164062e+00,1.167764472961425781e+01
3.251709747314453125e+01,2.868282508850097656e+01
3.387848281860351562e+01,4.801573181152343750e+01
-6.514090538024902344e+00,1.148369503021240234e+01
-1.887890625000000000e+01,-5.510603713989257812e+01
-1.736477088928222656e+01,-4.367975234985351562e+01
-3.107077407836914062e+01,-5.750928878784179688e+01
-4.522364044189453125e+01,-9.153800201416015625e+01
-4.547516632080078125e+01,-7.630338287353515625e+01
1.685491752624511719e+01,2.063171386718750000e+01
2.253297042846679688e+01,3.166204643249511719e+01
-1.246072006225585938e+01,-1.257821750640869141e+01
-2.073969268798828125e+01,-3.980915451049804688e+01
-1.936514282226562500e+01,-4.730980300903320312e+01
2.210624313354492188e+01,1.147130966186523438e+01
3.417176008224487305e+00,2.302795791625976562e+01
-4.956166839599609375e+01,-9.505458831787109375e+01
-1.467459201812744141e+01,-3.070355033874511719e+01
-1.555404663085937500e+01,-2.433768081665039062e+01
-4.109823608398437500e+01,-8.519983673095703125e+01
2.476963996887207031e+01,2.855540847778320312e+01
-1.798983192443847656e+01,-7.368244171142578125e+00
2.729082107543945312e+01,2.942657279968261719e+01
4.138154220581054688e+01,5.231086730957031250e+01
-3.473318099975585938e+01,-5.139192962646484375e+01
-5.965227127075195312e+00,-1.638956832885742188e+01
9.044194221496582031e+00,1.527792835235595703e+01
1.250620460510253906e+01,1.685448265075683594e+01
-4.745463180541992188e+01,-9.465340423583984375e+01
1.800060272216796875e-01,-2.034853744506835938e+01
-3.664672851562500000e+01,-7.381754302978515625e+01
4.493585205078125000e+01,6.512661743164062500e+01
-9.290051460266113281e+00,-4.019622802734375000e-01
-4.564683532714843750e+01,-8.178401947021484375e+01
2.466621398925781250e+01,3.553734588623046875e+01
-1.419484615325927734e+01,-5.980730056762695312e+00
-1.214962577819824219e+01,-1.785436248779296875e+01
3.278506469726562500e+01,5.444432449340820312e+01
-8.111214637756347656e+00,-1.511893653869628906e+01
4.553918075561523438e+01,7.512395477294921875e+01
2.829204177856445312e+01,5.224553680419921875e+01
-2.435994148254394531e+01,-2.302669525146484375e+01
3.281867980957031250e+01,4.896802139282226562e+01
-1.788578033447265625e+01,-1.296413993835449219e+01
3.743473815917968750e+01,3.843478012084960938e+01
-1.186537170410156250e+01,-3.338601303100585938e+01
3.665285110473632812e+01,5.950720596313476562e+01
2.775274467468261719e+01,4.544502639770507812e+01
-1.964122009277343750e+01,-3.435688018798828125e+01
-4.655689239501953125e+00,-1.735244750976562500e+01
-2.749813842773437500e+01,-5.330340194702148438e+01
1.520897769927978516e+01,5.015393066406250000e+01
3.910663223266601562e+01,6.702110290527343750e+01
-4.874289035797119141e+00,5.542793273925781250e-01
2.614666175842285156e+01,5.228329086303710938e+01
2.951848506927490234e+00,1.287682342529296875e+01
-4.467533111572265625e+01,-8.683908081054687500e+01
4.840895462036132812e+01,1.046898040771484375e+02
-8.929491043090820312e-01,-4.271429061889648438e+00
-6.494212150573730469e+00,-4.144451141357421875e+00
4.142039871215820312e+01,6.443867492675781250e+01
4.539394378662109375e+01,8.637196350097656250e+01
-1.706536483764648438e+01,-4.503693008422851562e+01
2.172000503540039062e+01,3.342465209960937500e+01
-1.131246662139892578e+01,-7.980754852294921875e+00
1.203150177001953125e+01,1.983796501159667969e+01
1.500820541381835938e+01,4.166652679443359375e+01
2.042239952087402344e+01,2.957868766784667969e+01
2.891029167175292969e+01,4.801719284057617188e+01
1.161112213134765625e+01,7.981011390686035156e+00
3.989167785644531250e+01,6.959075164794921875e+01
-2.926576805114746094e+01,-5.250962066650390625e+01
4.915602874755859375e+01,8.757550811767578125e+01
-2.427760314941406250e+01,-4.567388153076171875e+01
-2.347915840148925781e+01,-3.864994049072265625e+01
-3.013106536865234375e+01,-5.049650192260742188e+01
-1.948416233062744141e-01,3.722115039825439453e+00
4.964042282104492188e+01,8.590417480468750000e+01
4.564971160888671875e+01,7.822810363769531250e+01
-4.651989364624023438e+01,-7.048158264160156250e+01
2.889271354675292969e+01,4.206393051147460938e+01
-9.681612014770507812e+00,-2.839683532714843750e+00
-9.565430641174316406e+00,-1.703236770629882812e+01
-3.652612686157226562e+01,-5.808540344238281250e+01
-3.631997108459472656e+00,-3.196937561035156250e+01
2.404172515869140625e+01,3.446189880371093750e+01
-4.912215232849121094e+00,-9.962118148803710938e+00
1.948130798339843750e+01,2.652448272705078125e+01
-4.408144950866699219e+00,-2.134872817993164062e+01
-4.282241058349609375e+01,-7.714570617675781250e+01
-7.275289535522460938e+00,-1.344424057006835938e+01
2.862518501281738281e+01,4.491059875488281250e+01
-3.084874153137207031e+00,-1.880986785888671875e+01
4.572278022766113281e+00,1.185672283172607422e+00
-2.039481925964355469e+01,-4.597148132324218750e+01
-2.936129570007324219e+01,-5.251132965087890625e+01
-2.100023651123046875e+01,-3.582392883300781250e+01
3.471822738647460938e+01,5.458362960815429688e+01
2.660366249084472656e+01,3.048238372802734375e+01
-1.922386360168457031e+01,-3.252121734619140625e+01
3.842312097549438477e+00,-6.896631240844726562e+00
-3.829854583740234375e+01,-6.788314056396484375e+01
4.930760192871093750e+01,8.023567199707031250e+01
1.113870716094970703e+01,2.636465072631835938e+01
-6.528610229492187500e+00,-1.065955734252929688e+01
4.399448013305664062e+01,5.517932128906250000e+01
4.000877761840820312e+01,7.119240570068359375e+01
-4.945525360107421875e+01,-8.245420074462890625e+01
-2.259525680541992188e+01,-4.846189117431640625e+01
1.916253566741943359e+00,-2.253913164138793945e+00
1.802720451354980469e+01,4.105970764160156250e+01
-4.036257934570312500e+01,-6.813830566406250000e+01
-2.574255371093750000e+01,-5.676568984985351562e+01
-4.072140884399414062e+01,-7.871360778808593750e+01
3.431831741333007812e+01,5.195014572143554688e+01
-2.613428306579589844e+01,-4.843000411987304688e+01
-1.473997211456298828e+01,-2.169765090942382812e+01
-3.019545745849609375e+01,-4.884209823608398438e+01
9.095013141632080078e-01,1.319001483917236328e+01
-1.542624855041503906e+01,-3.076167678833007812e+01
-2.507460784912109375e+01,-3.802241897583007812e+01
-1.911091232299804688e+01,-3.138514900207519531e+01
6.364464759826660156e-01,-5.657339096069335938e+00
4.228214645385742188e+01,6.997329711914062500e+01
-4.520135498046875000e+01,-6.119551849365234375e+01
-2.514284849166870117e+00,-7.219856739044189453e+00
-7.472121715545654297e+00,-1.514314651489257812e+01
4.036229705810546875e+01,6.172529602050781250e+01
-1.167756271362304688e+01,-1.930997657775878906e+01
-3.681426239013671875e+01,-8.206919097900390625e+01
3.196754455566406250e+01,6.004182434082031250e+01
-4.570150375366210938e+01,-9.373011016845703125e+01
-8.331924438476562500e+00,-1.247985839843750000e+01
-7.032561302185058594e+00,-2.105503845214843750e+01
6.978464126586914062e+00,-5.828625679016113281e+00
-6.440711021423339844e+00,-1.236527442932128906e+00
1.352171897888183594e+01,1.731242561340332031e+01
2.827434539794921875e+01,6.243984985351562500e+01
5.091029167175292969e+00,2.140438556671142578e+00
3.709220123291015625e+01,5.378903961181640625e+01
1.448267745971679688e+01,4.796913146972656250e+01
7.745933532714843750e+00,1.179600048065185547e+01
-3.020641136169433594e+01,-5.527738952636718750e+01
2.763354110717773438e+01,5.309264755249023438e+01
3.759364318847656250e+01,4.378827667236328125e+01
3.956031799316406250e+00,-6.893762588500976562e+00
1.026419448852539062e+01,1.493207931518554688e+01
4.097771072387695312e+01,7.615216064453125000e+01
-1.681358718872070312e+01,-4.154500198364257812e+01
1.132684326171875000e+01,2.756899070739746094e+01
-1.103536510467529297e+01,-8.795206069946289062e+00
9.592056274414062500e-01,-5.138467788696289062e+00
2.751752662658691406e+01,3.415703964233398438e+01
3.115051460266113281e+01,4.479980087280273438e+01
-5.589556694030761719e+00,8.672714233398437500e-03
-1.218514442443847656e+01,-3.331793975830078125e+01
2.536489295959472656e+01,4.836414337158203125e+01
-4.702343750000000000e+01,-9.085913085937500000e+01
3.974924087524414062e+01,5.936390686035156250e+01
-2.870467948913574219e+01,-5.902931594848632812e+01
-1.253622150421142578e+01,-7.162601470947265625e+00
4.514515399932861328e-01,-6.307104110717773438e+00
4.292020797729492188e+01,6.804804229736328125e+01
1.020269393920898438e+01,-2.919862747192382812e+00
3.945272445678710938e+01,6.031007766723632812e+01
3.418187332153320312e+01,3.732707595825195312e+01
3.057422637939453125e+01,4.663841247558593750e+01
-2.871892547607421875e+01,-7.378628540039062500e+01
-6.992280483245849609e-01,-1.297062492370605469e+01
-8.183055877685546875e+00,-2.217811584472656250e+01
-3.039139556884765625e+01,-5.383793640136718750e+01
8.518325805664062500e+00,3.336547088623046875e+01
4.680541610717773438e+01,8.005136871337890625e+01
-1.206827735900878906e+01,-4.800584793090820312e+01
7.918352127075195312e+00,6.366207599639892578e+00
-3.229921340942382812e+01,-5.351527023315429688e+01
-3.322575759887695312e+01,-4.638651657104492188e+01
-3.254529190063476562e+01,-6.238030242919921875e+01
2.284074401855468750e+01,5.111232376098632812e+01
2.118802642822265625e+01,3.883864593505859375e+01
-4.868434524536132812e+01,-8.256408691406250000e+01
4.115096282958984375e+01,6.836827087402343750e+01
2.599794769287109375e+01,3.253125381469726562e+01
1.194589710235595703e+01,2.677392768859863281e+01
-5.114144325256347656e+00,-5.122079849243164062e-01
2.658161544799804688e+01,3.515202713012695312e+01
8.184391021728515625e+00,1.860498809814453125e+01
-4.618310928344726562e+01,-9.232287597656250000e+01
-2.035508728027343750e+01,-2.725217819213867188e+01
-3.990882492065429688e+01,-7.262746429443359375e+01
-2.219220352172851562e+01,-9.737792968750000000e+00
-3.880416870117187500e+01,-6.890238189697265625e+01
7.531100273132324219e+00,-1.600205612182617188e+01
-9.275794029235839844e+00,-1.266818237304687500e+01
-1.628184318542480469e+01,-3.460106658935546875e+01
3.519275283813476562e+01,3.502860260009765625e+01
-2.742908668518066406e+01,-2.920710945129394531e+01
-3.550637435913085938e+01,-6.879981994628906250e+01
2.395393180847167969e+01,4.493745803833007812e+01
-7.243478298187255859e+00,1.449321746826171875e+00
-4.752045440673828125e+01,-8.113799285888671875e+01
-4.241797256469726562e+01,-5.647069549560546875e+01
4.806364059448242188e+01,8.138212585449218750e+01
-3.581587219238281250e+01,-4.522635269165039062e+01
-3.199403953552246094e+01,-5.221594238281250000e+01
-6.132787704467773438e+00,8.804368972778320312e+00
-3.570397567749023438e+01,-5.167870330810546875e+01
-4.192347717285156250e+01,-7.836782073974609375e+01
4.391152191162109375e+01,7.819866943359375000e+01
1.756932830810546875e+01,3.057660102844238281e+01
-4.248740005493164062e+01,-9.886297607421875000e+01
-3.423748779296875000e+01,-5.486099243164062500e+01
-2.282291030883789062e+01,-3.177255249023437500e+01
-5.347257614135742188e+00,-1.139196395874023438e+00
-1.588755846023559570e+00,-1.055978202819824219e+01
3.308091735839843750e+01,4.834152221679687500e+01
-1.910417175292968750e+01,-1.164010238647460938e+01
3.299927139282226562e+01,4.880106353759765625e+01
2.268471717834472656e+01,1.810803985595703125e+01
1.617831039428710938e+01,5.690199279785156250e+01
4.337979507446289062e+01,7.584243774414062500e+01
-3.475480651855468750e+01,-7.611936187744140625e+01
4.709317779541015625e+01,7.953161621093750000e+01
-4.499025344848632812e+01,-5.761265182495117188e+01
2.530895996093750000e+01,4.042999267578125000e+01
3.817200469970703125e+01,5.755619430541992188e+01
1.036767959594726562e+01,2.547768402099609375e+01
2.402838516235351562e+01,3.932582092285156250e+01
-1.665543365478515625e+01,-4.466572189331054688e+01
1.694050979614257812e+01,3.152352523803710938e+01
-7.988214492797851562e-01,1.215445518493652344e+01
-3.144363212585449219e+01,-6.520798492431640625e+01
-1.041207313537597656e+01,-1.777781105041503906e+01
1.418897533416748047e+01,2.560789680480957031e+01
-2.928733825683593750e+01,-6.398828125000000000e+01
3.382251739501953125e+01,3.836256790161132812e+01
8.605128288269042969e+00,1.564597892761230469e+01
4.754494476318359375e+01,8.292393493652343750e+01
3.913963317871093750e+01,7.155523681640625000e+01
3.168253898620605469e+01,4.589791107177734375e+01
-4.063597869873046875e+01,-8.996972656250000000e+01
4.938191604614257812e+01,8.344750976562500000e+01
-5.012273788452148438e-01,-4.196619510650634766e+00
2.089741897583007812e+01,3.994939422607421875e+01
-1.480685424804687500e+01,-2.772988700866699219e+01
1.641898155212402344e+01,1.758962249755859375e+01
2.845025634765625000e+01,3.511932754516601562e+01
-9.418910980224609375e+00,-1.680740165710449219e+01
-4.694628906250000000e+01,-9.506388092041015625e+01
-4.788962554931640625e+01,-8.370697784423828125e+01
4.793803787231445312e+01,7.695552825927734375e+01
2.779356765747070312e+01,3.411568069458007812e+01
7.208621501922607422e+00,7.500796318054199219e+00
-5.852544307708740234e+00,-7.199119091033935547e+00
-2.899047660827636719e+01,-5.684047698974609375e+01
-3.712844848632812500e+01,-7.015576934814453125e+01
5.389201641082763672e+00,-2.045886993408203125e+01
2.064176177978515625e+01,3.092658233642578125e+01
2.190653610229492188e+01,3.122216606140136719e+01
1.004657173156738281e+01,2.129542350769042969e+01
9.269165992736816406e+00,1.993571472167968750e+01
-2.109022140502929688e+01,-5.084271621704101562e+01
-1.107507896423339844e+01,-1.946396064758300781e+01
1.032069969177246094e+01,2.220423316955566406e+01
-8.685260772705078125e+00,-1.393663978576660156e+01
-1.807113838195800781e+01,-5.180754852294921875e+01
-2.880456542968750000e+01,-3.483314514160156250e+01
4.537230491638183594e+00,-4.827018737792968750e+00
-3.215547943115234375e+01,-4.639375305175781250e+01
-2.572703933715820312e+01,-6.101144409179687500e+01
-2.683227157592773438e+01,-4.747677612304687500e+01
1.540154838562011719e+01,1.658128547668457031e+01
1.337651062011718750e+01,3.965065002441406250e+01
3.768168258666992188e+01,7.574366760253906250e+01
4.859349060058593750e+01,8.144819641113281250e+01
1.792714691162109375e+01,3.153963088989257812e+01
1.243935775756835938e+01,1.210933876037597656e+01
-4.524295425415039062e+01,-7.862556457519531250e+01
1.094030761718750000e+01,1.632480621337890625e+01
-3.208279037475585938e+01,-6.291567993164062500e+01
7.188320159912109375e+00,2.452136230468750000e+01
-1.424800109863281250e+01,-3.442015075683593750e+01
1.427175998687744141e+01,2.480586624145507812e+01
4.722018814086914062e+01,7.456977844238281250e+01
4.175225067138671875e+01,7.078309631347656250e+01
3.944837951660156250e+01,7.312239837646484375e+01
-4.197012329101562500e+01,-8.424770355224609375e+01
-4.182923507690429688e+01,-7.257253265380859375e+01
-4.276422882080078125e+01,-7.116173553466796875e+01
-4.676348114013671875e+01,-8.183491516113281250e+01
4.731800079345703125e+01,8.854416656494140625e+01
9.919935226440429688e+00,1.950697898864746094e+01
-1.769620704650878906e+01,-2.414956092834472656e+01
-2.190606689453125000e+01,-3.322250366210937500e+01
-2.981355285644531250e+01,-7.982436370849609375e+01
-3.349989700317382812e+01,-5.092735290527343750e+01
-2.113570022583007812e+01,-1.563485717773437500e+01
-4.977579879760742188e+01,-9.426197814941406250e+01
1.286377334594726562e+01,2.519698333740234375e+01
3.854906558990478516e+00,-9.311752319335937500e-01
3.464053726196289062e+01,7.001093292236328125e+01
3.600320816040039062e+01,6.478939056396484375e+01
-3.939997482299804688e+01,-7.553178405761718750e+01
-1.406707763671875000e+01,-2.227668762207031250e+01
-1.150646781921386719e+01,-1.686623382568359375e+01
-2.821956253051757812e+01,-5.788680648803710938e+01
-4.478468322753906250e+01,-8.552677917480468750e+01
6.847262382507324219e+00,6.562781333923339844e+00
-4.896329116821289062e+01,-9.042234802246093750e+01
4.611510467529296875e+01,8.154215240478515625e+01
2.297569465637207031e+01,5.692791366577148438e+01
1.647079658508300781e+01,1.357098197937011719e+01
-1.617103815078735352e+00,-1.196933460235595703e+01
4.247399520874023438e+01,7.164951324462890625e+01
-4.046074676513671875e+01,-8.683531951904296875e+01
-1.262883567810058594e+01,-2.470672225952148438e+01
3.078911972045898438e+01,4.738614654541015625e+01
-2.977637672424316406e+01,-6.512870788574218750e+01
-2.276686477661132812e+01,-5.039034271240234375e+01
1.568790054321289062e+01,3.453401184082031250e+01
2.620416879653930664e+00,-1.358553695678710938e+01
-4.200960540771484375e+01,-8.089633941650390625e+01
-3.614995956420898438e+01,-5.490403366088867188e+01
-4.862330627441406250e+01,-9.014578247070312500e+01
2.200382423400878906e+01,5.125047302246093750e+01
-5.631608009338378906e+00,-1.402751636505126953e+01
1.036715507507324219e+01,2.173429107666015625e+01
8.449310302734375000e+00,1.608841514587402344e+01
-4.057669639587402344e+00,-2.377791595458984375e+01
-3.698736572265625000e+01,-6.309698867797851562e+01
2.615364265441894531e+01,6.057942962646484375e+01
-1.367677497863769531e+01,-2.540827178955078125e+01
1.191631507873535156e+01,3.047451782226562500e+01
-1.946614456176757812e+01,-4.103800964355468750e+01
2.589439773559570312e+01,3.517154693603515625e+01
-1.133483028411865234e+01,-2.530261230468750000e+01
6.448978424072265625e+00,5.114909648895263672e+00
3.549183654785156250e+01,6.739014434814453125e+01
-1.339573860168457031e+01,-3.165526771545410156e+01
-2.094447612762451172e-01,4.881006240844726562e+00
3.963967132568359375e+01,7.659548950195312500e+01
-1.129080009460449219e+01,-2.089077377319335938e+01
3.993513488769531250e+01,7.176220703125000000e+01
-4.906159210205078125e+01,-9.415901947021484375e+01
-4.602762603759765625e+01,-8.318080139160156250e+01
4.378232955932617188e+01,5.447724914550781250e+01
1.067239665985107422e+01,2.462557792663574219e+01
-1.592114543914794922e+01,-3.599689102172851562e+01
1.028668308258056641e+01,2.039631652832031250e+01
4.165757751464843750e+01,5.973978042602539062e+01
1.531536006927490234e+01,1.708638191223144531e+01
-2.048900222778320312e+01,-5.573612213134765625e+01
4.222747802734375000e+01,6.916062164306640625e+01
-1.868418502807617188e+01,-2.448207473754882812e+01
-3.130522918701171875e+01,-4.867593002319335938e+01
-3.719127273559570312e+01,-7.025785827636718750e+01
-3.364746093750000000e+01,-4.505477523803710938e+01
-2.793777656555175781e+01,-5.032365036010742188e+01
-1.289091682434082031e+01,-2.593661117553710938e+01
-4.758855819702148438e+01,-6.014234924316406250e+01
2.851331901550292969e+01,3.107622909545898438e+01
-1.440676498413085938e+01,-2.680794906616210938e+01
7.959413528442382812e+00,1.859229087829589844e+01
-4.170262145996093750e+01,-7.759948730468750000e+01
-2.604554367065429688e+01,-5.789998626708984375e+01
-2.747994613647460938e+01,-4.865472412109375000e+01
-2.599283409118652344e+01,-2.626047897338867188e+01
-4.036498641967773438e+01,-6.376737594604492188e+01
-1.804467391967773438e+01,-4.993833541870117188e+01
1.732114601135253906e+01,4.351277923583984375e+01
-1.291000843048095703e+00,-1.178151607513427734e+00
-2.343763160705566406e+01,-6.071944427490234375e+01
2.925991439819335938e+01,4.883213424682617188e+01
1.448845863342285156e+01,1.345469570159912109e+01
-2.555004310607910156e+01,-3.503197860717773438e+01
2.378096008300781250e+01,3.065541458129882812e+01
2.190712165832519531e+01,3.861941909790039062e+01
-2.607687187194824219e+01,-2.835721588134765625e+01
-4.466435241699218750e+01,-8.508014678955078125e+01
-7.811224460601806641e+00,-3.125657272338867188e+01
2.819888687133789062e+01,4.644925689697265625e+01
4.345199584960937500e+01,7.394123077392578125e+01
3.393493270874023438e+01,3.747804641723632812e+01
-2.182624435424804688e+01,-3.710928726196289062e+01
-3.022499084472656250e+01,-4.546857452392578125e+01
-1.586118888854980469e+01,-5.148466873168945312e+01
4.926424980163574219e+00,-2.360304832458496094e+00
-3.967261505126953125e+01,-5.182343292236328125e+01
-2.618486213684082031e+01,-5.720184707641601562e+01
-3.723785400390625000e+01,-6.778054046630859375e+01
1.732932281494140625e+01,2.068163681030273438e+01
3.841103363037109375e+01,5.126981353759765625e+01
4.059147262573242188e+01,5.116596221923828125e+01
-3.636350631713867188e+01,-7.099111938476562500e+01
-4.618570327758789062e+01,-9.239165496826171875e+01
-1.360863494873046875e+01,-2.617506790161132812e+01
-1.273690414428710938e+01,-2.339168739318847656e+01
4.138846969604492188e+01,7.059371185302734375e+01
4.139275360107421875e+01,5.533300018310546875e+01
-2.403428649902343750e+01,-5.713520050048828125e+01
4.351626586914062500e+01,4.608370971679687500e+01
3.204531097412109375e+01,4.942052841186523438e+01
-2.177951431274414062e+01,-5.341742706298828125e+01
-3.385553359985351562e+01,-5.668667984008789062e+01
-2.749220085144042969e+01,-4.465204238891601562e+01
-1.353359222412109375e+01,-9.521238327026367188e+00
-4.715966033935546875e+01,-8.617014312744140625e+01
6.348019599914550781e+00,7.182043075561523438e+00
-1.930952072143554688e-01,3.385684490203857422e-01
3.279950714111328125e+01,4.042237854003906250e+01
4.667290496826171875e+01,8.247638702392578125e+01
3.068861389160156250e+01,5.796706390380859375e+01
-4.689884948730468750e+01,-7.755195617675781250e+01
-4.744099807739257812e+01,-9.478447723388671875e+01
-1.813232803344726562e+01,-3.524599075317382812e+01
9.346717834472656250e+00,5.642576217651367188e-01
1.595992469787597656e+01,3.302383422851562500e+00
1.190215969085693359e+01,2.325218582153320312e+01
-1.363040161132812500e+01,-4.824997329711914062e+01
-3.726381063461303711e+00,1.040271186828613281e+01
3.916025161743164062e-01,7.150466442108154297e+00
3.413363265991210938e+01,5.279534530639648438e+01
8.513241767883300781e+00,2.048487472534179688e+01
3.855020904541015625e+01,7.594332885742187500e+01
-2.310925102233886719e+01,-3.159837722778320312e+01
-1.331974887847900391e+01,-2.585812568664550781e+01
-3.387119293212890625e+01,-5.756919097900390625e+01
-1.670048904418945312e+01,-2.397956085205078125e+01
-4.082301712036132812e+01,-7.336792755126953125e+01
-4.282146835327148438e+01,-7.015987396240234375e+01
4.094951248168945312e+01,7.877174377441406250e+01
-9.854340553283691406e+00,-1.730005264282226562e+01
3.237537765502929688e+01,4.784960556030273438e+01
3.527203750610351562e+01,5.285142517089843750e+01
2.599421119689941406e+01,4.101452255249023438e+01
-9.466338157653808594e+00,-1.790085792541503906e+01
-4.377172088623046875e+01,-6.971360015869140625e+01
3.173688697814941406e+01,4.834939956665039062e+01
2.157860946655273438e+01,3.478307723999023438e+01
-2.921006774902343750e+01,-4.931987380981445312e+01
-3.320567703247070312e+01,-6.586909484863281250e+01
3.536058807373046875e+01,5.553488922119140625e+01
8.868533134460449219e+00,1.893635559082031250e+01
1.916835403442382812e+01,1.888371276855468750e+01
-3.844851303100585938e+01,-7.821071624755859375e+01
-3.890929794311523438e+01,-6.119991683959960938e+01
-4.647861099243164062e+01,-8.109682464599609375e+01
-3.948410034179687500e+01,-7.929978179931640625e+01
3.090305328369140625e+01,4.116559982299804688e+01
2.040897560119628906e+01,2.369066238403320312e+01
-2.195781469345092773e+00,5.087930202484130859e+00
2.139545631408691406e+01,3.456335449218750000e+01
-4.447171783447265625e+01,-8.007642364501953125e+01
-4.056144332885742188e+01,-7.681690979003906250e+01
1.727300834655761719e+01,2.804848480224609375e+01
-1.963498687744140625e+01,-5.608023071289062500e+01
9.156513214111328125e+00,1.488807868957519531e+01
1.291996860504150391e+01,1.117753982543945312e+01
-3.585588932037353516e+00,-6.093166351318359375e+00
3.196941566467285156e+01,4.720606231689453125e+01
-3.662412643432617188e+01,-6.587407684326171875e+01
-4.593733596801757812e+01,-6.745915985107421875e+01
-1.496765041351318359e+01,-3.311921310424804688e+01
2.558536529541015625e+01,3.880945968627929688e+01
2.114539146423339844e+01,4.945716857910156250e+00
8.893966674804687500e-01,-3.469105243682861328e+00
1.061362075805664062e+01,2.399281120300292969e+01
-2.277169799804687500e+01,-3.392749786376953125e+01
3.059359169006347656e+01,4.928936767578125000e+01
-1.092481613159179688e+00,9.494791030883789062e-01
-2.901209068298339844e+01,-6.097431182861328125e+01
-2.664394950866699219e+01,-3.577773666381835938e+01
6.686389446258544922e-01,-1.044905662536621094e+01
1.888480186462402344e+01,1.634764289855957031e+01
4.317332077026367188e+01,6.748974609375000000e+01
1.257997703552246094e+01,9.775638580322265625e-01
3.284930419921875000e+01,5.347876358032226562e+01
-2.499252557754516602e+00,-2.222322082519531250e+01
2.231866645812988281e+01,3.493867492675781250e+01
2.778778648376464844e+01,5.224543762207031250e+01
-1.078847694396972656e+01,-3.145927810668945312e+01
-2.583329772949218750e+01,-3.794255447387695312e+01
1.202856922149658203e+01,-5.289310455322265625e+00
-3.176390457153320312e+01,-4.638267135620117188e+01
-3.513175964355468750e+01,-4.694139099121093750e+01
3.146416473388671875e+01,2.948388290405273438e+01
2.689303207397460938e+01,6.059715270996093750e+01
2.240435409545898438e+01,3.676441955566406250e+01
-1.581425094604492188e+01,-7.131647109985351562e+00
-1.881047439575195312e+01,-4.070485687255859375e+01
2.404451370239257812e+00,2.625280618667602539e-01
3.315456008911132812e+01,4.319660186767578125e+01
-4.235901641845703125e+01,-7.309925842285156250e+01
3.843188285827636719e+00,-1.982362174987792969e+01
-1.313888454437255859e+01,-2.621589660644531250e+01
4.567682743072509766e+00,-5.109796047210693359e+00
3.809283447265625000e+01,6.116819381713867188e+01
-4.894398880004882812e+01,-9.794796752929687500e+01
2.635379981994628906e+01,4.381616592407226562e+01
2.468553161621093750e+01,3.373757553100585938e+01
2.992075729370117188e+01,6.177811813354492188e+01
-9.078895568847656250e+00,-2.766531372070312500e+01
2.410493469238281250e+01,2.924110031127929688e+01
6.962901115417480469e+00,-2.040513610839843750e+01
4.329284286499023438e+01,7.570622253417968750e+01
-3.489267826080322266e+00,-1.547596549987792969e+01
3.321649551391601562e+01,4.568008041381835938e+01
-2.426804351806640625e+01,-6.209474945068359375e+01
-2.989664077758789062e+01,-3.127766990661621094e+01
-2.247348976135253906e+01,-2.202579879760742188e+01
1.451731872558593750e+01,2.464138603210449219e+01
1.534367752075195312e+01,1.480334854125976562e+01
1.341079521179199219e+01,2.629749679565429688e+01
2.244766426086425781e+01,4.839166259765625000e+01
-3.042646598815917969e+01,-4.962438201904296875e+01
4.684895515441894531e+00,1.840052604675292969e-01
6.495815277099609375e+00,5.504137039184570312e+00
-4.891189956665039062e+01,-7.378485107421875000e+01
1.791370582580566406e+01,2.531319046020507812e+01
-4.145722961425781250e+01,-7.864116668701171875e+01
4.089405059814453125e+01,8.478998565673828125e+01
7.825350761413574219e+00,8.514262199401855469e+00
-8.395898818969726562e+00,-3.017078018188476562e+01
3.546358871459960938e+01,5.446316146850585938e+01
-1.722091484069824219e+01,-3.001152801513671875e+01
4.390544891357421875e+01,5.212894821166992188e+01
-4.361035919189453125e+01,-6.173545837402343750e+01
-1.564600467681884766e+01,-1.448829555511474609e+01
-1.150695705413818359e+01,-1.773766708374023438e+01
2.089393234252929688e+01,3.459777069091796875e+01
-1.606432151794433594e+01,-1.236223411560058594e+01
-1.098827171325683594e+01,-2.831387329101562500e+01
-3.957173919677734375e+01,-6.089311981201171875e+01
8.336883544921875000e+00,-4.464874267578125000e+00
-1.426494121551513672e+01,-2.486498832702636719e+01
1.270258998870849609e+01,3.030171966552734375e+01
2.746829986572265625e+01,3.838831329345703125e+01
-4.576792144775390625e+01,-6.959197235107421875e+01
2.557668685913085938e+01,4.906399917602539062e+01
-1.334454441070556641e+01,-4.198953247070312500e+01
3.501598739624023438e+01,5.154051971435546875e+01
9.943360328674316406e+00,8.346369743347167969e+00
2.616629600524902344e+01,6.387757110595703125e+01
3.980825042724609375e+01,6.027903747558593750e+01
9.189301490783691406e+00,2.917961120605468750e+01
2.337295341491699219e+01,5.419767761230468750e+01
-4.807159805297851562e+01,-7.169772338867187500e+01
1.351741600036621094e+01,6.384415626525878906e+00
-4.100867462158203125e+01,-7.301809692382812500e+01
-1.992543983459472656e+01,-1.674422645568847656e+01
-1.791585159301757812e+01,-3.717670440673828125e+01
-4.463784790039062500e+01,-8.321092224121093750e+01
-1.348112869262695312e+01,-2.134946632385253906e+01
-1.820870590209960938e+01,-3.230679321289062500e+01
3.690613555908203125e+01,8.100473022460937500e+01
-1.907101249694824219e+01,-3.807301330566406250e+01
-9.281814098358154297e-01,-9.002029418945312500e+00
2.999715232849121094e+01,5.723366165161132812e+01
3.745028305053710938e+01,4.758616256713867188e+01
-2.865706634521484375e+01,-4.413156127929687500e+01
-3.151440048217773438e+01,-5.766919708251953125e+01
-1.254436397552490234e+01,-2.040160751342773438e+01
2.653217887878417969e+01,4.057288360595703125e+01
-1.673161315917968750e+01,-4.190545654296875000e+01
1.034467792510986328e+01,-7.697788238525390625e+00
2.794010543823242188e+01,4.962833404541015625e+01
3.732614517211914062e+01,5.407629776000976562e+01
-8.119487762451171875e+00,-2.071014404296875000e+01
2.329224348068237305e+00,-2.236699676513671875e+01
2.981836700439453125e+01,6.200247192382812500e+01
3.277314758300781250e+01,3.358221817016601562e+01
3.789019012451171875e+01,5.516067886352539062e+01
3.621356964111328125e+01,7.466920471191406250e+01
2.890410423278808594e+01,4.299635696411132812e+01
-1.616733741760253906e+01,-1.933285903930664062e+01
-1.538921546936035156e+01,-3.364304351806640625e+01
-2.288162612915039062e+01,-4.814260482788085938e+01
-3.739258193969726562e+01,-7.217957305908203125e+01
-2.838969802856445312e+01,-4.560289001464843750e+01
-2.829688835144042969e+01,-5.348804092407226562e+01
-4.703040695190429688e+01,-8.425481414794921875e+01
-3.359140014648437500e+01,-7.009075164794921875e+01
-4.837700271606445312e+01,-7.608230590820312500e+01
1.209776973724365234e+01,2.364922142028808594e+01
-1.402559852600097656e+01,-2.848199844360351562e+01
4.289016723632812500e+01,6.617382812500000000e+01
-3.446281433105468750e+01,-6.261096572875976562e+01
-4.387015151977539062e+01,-7.996147918701171875e+01
4.712067413330078125e+01,8.124079895019531250e+01
-1.646829223632812500e+01,-2.605369758605957031e+01
-3.200564575195312500e+01,-6.389312744140625000e+01
3.054715919494628906e+01,4.693504333496093750e+01
-3.989730453491210938e+01,-8.566047668457031250e+01
2.143365097045898438e+01,3.687514877319335938e+01
-2.906122779846191406e+01,-6.885073089599609375e+01
1.888022994995117188e+01,3.047568130493164062e+01
-4.896624755859375000e+01,-9.790573120117187500e+01
2.866708564758300781e+01,5.989268112182617188e+01
2.049628448486328125e+01,3.981371307373046875e+01
2.289602088928222656e+01,4.636288070678710938e+01
2.674211311340332031e+01,5.836888122558593750e+01
2.603843879699707031e+01,4.892057037353515625e+01
1.957011795043945312e+01,4.297436523437500000e+01
4.887878894805908203e-01,4.646403312683105469e+00
3.795692443847656250e+01,7.701326751708984375e+01
7.338028907775878906e+00,1.659137344360351562e+01
-4.540002441406250000e+01,-8.643634796142578125e+01
9.129762649536132812e-01,3.660880565643310547e+00
2.535231781005859375e+01,4.460137176513671875e+01
-7.281124591827392578e+00,2.707231521606445312e+00
9.851932525634765625e+00,1.608726119995117188e+01
1.607487106323242188e+01,1.457527542114257812e+01
-1.973799514770507812e+01,-3.147251892089843750e+01
-1.910319900512695312e+01,-4.154345321655273438e+01
-6.479048728942871094e+00,-8.530931472778320312e-01
8.230805397033691406e+00,1.575298404693603516e+01
-3.831591033935546875e+01,-4.898869323730468750e+01
-4.037619400024414062e+01,-6.288158035278320312e+01
2.655160522460937500e+01,4.318896865844726562e+01
-4.656504821777343750e+01,-7.619463348388671875e+01
-3.388453674316406250e+01,-4.856563186645507812e+01
1.940487098693847656e+01,3.074471664428710938e+01
2.658039283752441406e+01,4.133518600463867188e+01
1.500119018554687500e+01,4.961130142211914062e+00
-3.729374313354492188e+01,-7.131497955322265625e+01
-1.705097579956054688e+01,-3.940332794189453125e+01
1.359810256958007812e+01,3.764244079589843750e+01
-4.985459518432617188e+01,-8.318415069580078125e+01
1.464729309082031250e+01,1.482764911651611328e+01
3.684833526611328125e+01,6.391434097290039062e+01
-1.573471450805664062e+01,-3.275089263916015625e+01
-4.135954380035400391e+00,2.872835159301757812e+00
-3.854574584960937500e+01,-7.396158599853515625e+01
-2.795853042602539062e+01,-5.438503265380859375e+01
3.003969192504882812e+01,4.745295715332031250e+01
2.450299835205078125e+01,3.492500305175781250e+01
-2.895296859741210938e+01,-4.986429214477539062e+01
-2.365521240234375000e+01,-5.339687347412109375e+01
-3.397935104370117188e+01,-4.001480865478515625e+01
-3.683530807495117188e+01,-6.498628997802734375e+01
-5.517143249511718750e+00,-9.463616371154785156e+00
3.861606121063232422e-01,-1.971158862113952637e+00
8.276092529296875000e+00,1.652482032775878906e+01
-4.228604507446289062e+01,-7.252648162841796875e+01
2.780695533752441406e+01,3.944708251953125000e+01
1.481056213378906250e+01,3.722721862792968750e+01
1.009881496429443359e-01,1.826568126678466797e+00
3.780284500122070312e+01,7.416246032714843750e+01
3.219994354248046875e+01,5.695120620727539062e+01
-5.466389656066894531e+00,-1.874890518188476562e+01
-4.119679260253906250e+01,-7.601986694335937500e+01
7.121384143829345703e+00,-8.222049713134765625e+00
-3.894376754760742188e+01,-7.698506164550781250e+01
4.306679534912109375e+01,7.622440338134765625e+01
1.736291694641113281e+01,1.734682655334472656e+01
